{"Resistors": {"Resistor Networks & Arrays": {"C25725": {"lcsc": "C25725", "category": "Resistors", "subcategory": "Resistor Networks & Arrays", "mfr": "4D02WGJ0103TCE", "package": "0402_x4", "joints": 8, "manufacturer": "Uniroyal Elec", "basic": true, "description": "Resistor Networks & Arrays 10KOhms \u00b15% 1/16W 0402_x4 RoHS", "datasheet": "https://datasheet.lcsc.com/szlcsc/Uniroyal-Elec-4D02WGJ0103TCE_C25725.pdf", "stock": 67586, "price": [{"qFrom": 1, "qTo": 199, "price": 0.005210145}, {"qFrom": 200, "qTo": null, "price": 0.001866667}], "extra": {"id": 26468, "number": "C25725", "categories": ["Resistors|Resistor Networks & Arrays"], "info": {"title": "UNI-ROYAL(Uniroyal Elec) 4D02WGJ0103TCE", "number": "4D02WGJ0103TCE", "pre_unit": 10000, "unit": "Piece", "step": 50, "min": 50, "max": 0, "weight": "0.012", "packaging": "Tape & Reel (TR)", "stock_unit": "Reel"}, "url": "/product-detail/Resistor-Networks-Arrays_UNI-ROYAL-Uniroyal-Elec-4D02WGJ0103TCE_C25725.html", "manufacturer": {"szlcsc_id": 99, "id": 99, "cn": "UNI-ROYAL(\u539a\u58f0)", "en": "UNI-ROYAL(Uniroyal Elec)", "site": "http://www.uniohm.com/", "logo": "https://assets.lcsc.com/images/manufacturer/99.jpg", "number": "4D02WGJ0103TCE", "grade": "", "abbr": "UNI-ROYAL", "has_abbr": true}, "stock": 89800, "datasheet": {"pdf": "https://datasheet.lcsc.com/szlcsc/1810170420_UNI-ROYAL-Uniroyal-Elec-4D02WGJ0103TCE_C25725.pdf"}, "tags": [], "package": "0402_x4", "price": [[50, 0.0041, 0.0041, "US$", 1], [500, 0.0031, 0.0031, "US$", 1], [1500, 0.0029, 0.0029, "US$", 1], [5000, 0.0027, 0.0027, "US$", 1], [25000, 0.0026, 0.0026, "US$", 1], [50000, 0.0025, 0.0025, "US$", 1]], "auto_down": false, "status": "up", "stock_sz": 89800, "stock_js": 0, "stock_hk": 0, "hot_sort": 0, "discount": 1, "description": "10K \u00b15% 4 1/16W \u00b1200ppm/\u00b0C 0402_x4 Resistor Networks & Arrays RoHS", "has_reel_service": false, "images": [{"96x96": "https://assets.lcsc.com/images/szlcsc/96x96/C25725_front.jpg", "224x224": "https://assets.lcsc.com/images/szlcsc/224x224/C25725_front.jpg", "900x900": "https://assets.lcsc.com/images/szlcsc/900x900/C25725_front.jpg", "sort": 1}, {"96x96": "https://assets.lcsc.com/images/szlcsc/96x96/C25725_back.jpg", "224x224": "https://assets.lcsc.com/images/szlcsc/224x224/C25725_back.jpg", "900x900": "https://assets.lcsc.com/images/szlcsc/900x900/C25725_back.jpg", "sort": 3}, {"96x96": "https://assets.lcsc.com/images/szlcsc/96x96/C25725_blank.jpg", "224x224": "https://assets.lcsc.com/images/szlcsc/224x224/C25725_blank.jpg", "900x900": "https://assets.lcsc.com/images/szlcsc/900x900/C25725_blank.jpg", "sort": 5}, {"96x96": "https://assets.lcsc.com/images/szlcsc/96x96/C25725_package.jpg", "224x224": "https://assets.lcsc.com/images/szlcsc/224x224/C25725_package.jpg", "900x900": "https://assets.lcsc.com/images/szlcsc/900x900/C25725_package.jpg", "sort": 7}], "attributes": {"Resistance (Ohms)": "10K", "Tolerance": "\u00b15%", "Number of Resistors": "4", "Number of Pins": "8", "Power Per Element": "1/16W", "Temperature Coefficient": "\u00b1200ppm/\u00b0C", "Mounting Type": "Surface MountType"}}, "extraTimestamp": 1608066739}, "C25726": {"lcsc": "C25726", "category": "Resistors", "subcategory": "Resistor Networks & Arrays", "mfr": "4D02WGJ0102TCE", "package": "0402_x4", "joints": 8, "manufacturer": "Uniroyal Elec", "basic": true, "description": "Resistor Networks & Arrays 1KOhms \u00b15% 1/16W 0402_x4 RoHS", "datasheet": "https://datasheet.lcsc.com/szlcsc/Uniroyal-Elec-4D02WGJ0102TCE_C25726.pdf", "stock": 78875, "price": [{"qFrom": 1, "qTo": 199, "price": 0.005210145}, {"qFrom": 200, "qTo": null, "price": 0.001866667}], "extra": {"id": 26469, "number": "C25726", "categories": ["Resistors|Resistor Networks & Arrays"], "info": {"title": "UNI-ROYAL(Uniroyal Elec) 4D02WGJ0102TCE", "number": "4D02WGJ0102TCE", "pre_unit": 10000, "unit": "Piece", "step": 50, "min": 50, "max": 0, "weight": "0.012", "packaging": "Tape & Reel (TR)", "stock_unit": "Reel"}, "url": "/product-detail/Resistor-Networks-Arrays_UNI-ROYAL-Uniroyal-Elec-4D02WGJ0102TCE_C25726.html", "manufacturer": {"szlcsc_id": 99, "id": 99, "cn": "UNI-ROYAL(\u539a\u58f0)", "en": "UNI-ROYAL(Uniroyal Elec)", "site": "http://www.uniohm.com/", "logo": "https://assets.lcsc.com/images/manufacturer/99.jpg", "number": "4D02WGJ0102TCE", "grade": "", "abbr": "UNI-ROYAL", "has_abbr": true}, "stock": 131700, "datasheet": {"pdf": "https://datasheet.lcsc.com/szlcsc/1810170423_UNI-ROYAL-Uniroyal-Elec-4D02WGJ0102TCE_C25726.pdf"}, "tags": [], "package": "0402_x4", "price": [[50, 0.0042, 0.0042, "US$", 1], [500, 0.0031, 0.0031, "US$", 1], [1500, 0.0029, 0.0029, "US$", 1], [5000, 0.0027, 0.0027, "US$", 1], [50000, 0.0026, 0.0026, "US$", 1]], "auto_down": false, "status": "up", "stock_sz": 105600, "stock_js": 26100, "stock_hk": 0, "hot_sort": 0, "discount": 1, "description": "1K \u00b15% 4 1/16W \u00b1200ppm/\u00b0C 0402_x4 Resistor Networks & Arrays RoHS", "has_reel_service": false, "images": [{"96x96": "https://assets.lcsc.com/images/szlcsc/96x96/C25726_front.jpg", "224x224": "https://assets.lcsc.com/images/szlcsc/224x224/C25726_front.jpg", "900x900": "https://assets.lcsc.com/images/szlcsc/900x900/C25726_front.jpg", "sort": 1}, {"96x96": "https://assets.lcsc.com/images/szlcsc/96x96/C25726_back.jpg", "224x224": "https://assets.lcsc.com/images/szlcsc/224x224/C25726_back.jpg", "900x900": "https://assets.lcsc.com/images/szlcsc/900x900/C25726_back.jpg", "sort": 3}, {"96x96": "https://assets.lcsc.com/images/szlcsc/96x96/C25726_package.jpg", "224x224": "https://assets.lcsc.com/images/szlcsc/224x224/C25726_package.jpg", "900x900": "https://assets.lcsc.com/images/szlcsc/900x900/C25726_package.jpg", "sort": 7}, {"96x96": "https://assets.lcsc.com/images/szlcsc/96x96/C25726_blank.jpg", "224x224": "https://assets.lcsc.com/images/szlcsc/224x224/C25726_blank.jpg", "900x900": "https://assets.lcsc.com/images/szlcsc/900x900/C25726_blank.jpg", "sort": 5}], "attributes": {"Resistance (Ohms)": "1K", "Tolerance": "\u00b15%", "Number of Resistors": "4", "Number of Pins": "8", "Power Per Element": "1/16W", "Temperature Coefficient": "\u00b1200ppm/\u00b0C", "Mounting Type": "Surface MountType"}}, "extraTimestamp": 1608066740}, "C25501": {"lcsc": "C25501", "category": "Resistors", "subcategory": "Resistor Networks & Arrays", "mfr": "4D02WGJ0330TCE", "package": "0402_x4", "joints": 8, "manufacturer": "Uniroyal Elec", "basic": true, "description": "Resistor Networks & Arrays 33Ohms \u00b15% 1/16W 0402_x4 RoHS", "datasheet": "https://datasheet.lcsc.com/szlcsc/Uniroyal-Elec-4D02WGJ0330TCE_C25501.pdf", "stock": 76307, "price": [{"qFrom": 1, "qTo": 199, "price": 0.004749275}, {"qFrom": 200, "qTo": null, "price": 0.001701449}], "extra": {"id": 26244, "number": "C25501", "categories": ["Resistors|Resistor Networks & Arrays"], "info": {"title": "UNI-ROYAL(Uniroyal Elec) 4D02WGJ0330TCE", "number": "4D02WGJ0330TCE", "pre_unit": 10000, "unit": "Piece", "step": 50, "min": 50, "max": 0, "weight": "0.012", "packaging": "Tape & Reel (TR)", "stock_unit": "Reel"}, "url": "/product-detail/Resistor-Networks-Arrays_UNI-ROYAL-Uniroyal-Elec-4D02WGJ0330TCE_C25501.html", "manufacturer": {"szlcsc_id": 99, "id": 99, "cn": "UNI-ROYAL(\u539a\u58f0)", "en": "UNI-ROYAL(Uniroyal Elec)", "site": "http://www.uniohm.com/", "logo": "https://assets.lcsc.com/images/manufacturer/99.jpg", "number": "4D02WGJ0330TCE", "grade": "", "abbr": "UNI-ROYAL", "has_abbr": true}, "stock": 129350, "datasheet": {"pdf": "https://datasheet.lcsc.com/szlcsc/1810170424_UNI-ROYAL-Uniroyal-Elec-4D02WGJ0330TCE_C25501.pdf"}, "tags": [], "package": "0402_x4", "price": [[50, 0.0043, 0.0043, "US$", 1], [500, 0.0032, 0.0032, "US$", 1], [1500, 0.003, 0.003, "US$", 1], [5000, 0.0028, 0.0028, "US$", 1], [25000, 0.0027, 0.0027, "US$", 1]], "auto_down": false, "status": "up", "stock_sz": 99400, "stock_js": 29950, "stock_hk": 0, "hot_sort": 0, "discount": 1, "description": "33 \u00b15% 4 1/16W \u00b1200ppm/\u00b0C 0402_x4 Resistor Networks & Arrays RoHS", "has_reel_service": false, "images": [{"96x96": "https://assets.lcsc.com/images/szlcsc/96x96/C25501_front.jpg", "224x224": "https://assets.lcsc.com/images/szlcsc/224x224/C25501_front.jpg", "900x900": "https://assets.lcsc.com/images/szlcsc/900x900/C25501_front.jpg", "sort": 1}, {"96x96": "https://assets.lcsc.com/images/szlcsc/96x96/C25501_back.jpg", "224x224": "https://assets.lcsc.com/images/szlcsc/224x224/C25501_back.jpg", "900x900": "https://assets.lcsc.com/images/szlcsc/900x900/C25501_back.jpg", "sort": 3}, {"96x96": "https://assets.lcsc.com/images/szlcsc/96x96/C25501_package.jpg", "224x224": "https://assets.lcsc.com/images/szlcsc/224x224/C25501_package.jpg", "900x900": "https://assets.lcsc.com/images/szlcsc/900x900/C25501_package.jpg", "sort": 7}, {"96x96": "https://assets.lcsc.com/images/szlcsc/96x96/C25501_blank.jpg", "224x224": "https://assets.lcsc.com/images/szlcsc/224x224/C25501_blank.jpg", "900x900": "https://assets.lcsc.com/images/szlcsc/900x900/C25501_blank.jpg", "sort": 5}], "attributes": {"Resistance (Ohms)": "33", "Tolerance": "\u00b15%", "Number of Resistors": "4", "Number of Pins": "8", "Power Per Element": "1/16W", "Temperature Coefficient": "\u00b1200ppm/\u00b0C", "Mounting Type": "Surface MountType"}}, "extraTimestamp": 1608066740}}, "Chip Resistor - Surface Mount": {"C17902": {"lcsc": "C17902", "category": "Resistors", "subcategory": "Chip Resistor - Surface Mount", "mfr": "1206W4F1002T5E", "package": "1206", "joints": 2, "manufacturer": "Uniroyal Elec", "basic": true, "description": "Chip Resistor - Surface Mount 10KOhms \u00b11% 1/4W 1206 RoHS", "datasheet": "https://datasheet.lcsc.com/szlcsc/Uniroyal-Elec-1206W4F1002T5E_C17902.pdf", "stock": 600403, "price": [{"qFrom": 1, "qTo": 199, "price": 0.00576087}, {"qFrom": 200, "qTo": null, "price": 0.002156522}], "extra": {"id": 18590, "number": "C17902", "categories": ["Resistors|Chip Resistor - Surface Mount"], "info": {"title": "UNI-ROYAL(Uniroyal Elec) 1206W4F1002T5E", "number": "1206W4F1002T5E", "pre_unit": 5000, "unit": "Piece", "step": 50, "min": 50, "max": 0, "weight": "0.030", "packaging": "Tape & Reel (TR)", "stock_unit": "Reel"}, "url": "/product-detail/Chip-Resistor-Surface-Mount_UNI-ROYAL-Uniroyal-Elec-1206W4F1002T5E_C17902.html", "manufacturer": {"szlcsc_id": 99, "id": 99, "cn": "UNI-ROYAL(\u539a\u58f0)", "en": "UNI-ROYAL(Uniroyal Elec)", "site": "http://www.uniohm.com/", "logo": "https://assets.lcsc.com/images/manufacturer/99.jpg", "number": "1206W4F1002T5E", "grade": "", "abbr": "UNI-ROYAL", "has_abbr": true}, "stock": 18550, "datasheet": {"pdf": "https://datasheet.lcsc.com/szlcsc/1810301434_UNI-ROYAL-Uniroyal-Elec-1206W4F1002T5E_C17902.pdf"}, "tags": [], "package": "1206", "price": [[50, 0.0037, 0.0037, "US$", 1], [500, 0.0029, 0.0029, "US$", 1], [1500, 0.0027, 0.0027, "US$", 1], [5000, 0.0026, 0.0026, "US$", 1], [25000, 0.0025, 0.0025, "US$", 1], [50000, 0.0024, 0.0024, "US$", 1]], "auto_down": false, "status": "up", "stock_sz": 18550, "stock_js": 0, "stock_hk": 0, "hot_sort": 0, "discount": 1, "description": "10k\u03a9 \u00b11% 0.25W \u00b1100ppm/\u2103 1206 Chip Resistor - Surface Mount RoHS", "has_reel_service": "3", "images": [{"96x96": "https://assets.lcsc.com/images/szlcsc/96x96/C17902_front.jpg", "224x224": "https://assets.lcsc.com/images/szlcsc/224x224/C17902_front.jpg", "900x900": "https://assets.lcsc.com/images/szlcsc/900x900/C17902_front.jpg", "sort": 1}, {"96x96": "https://assets.lcsc.com/images/szlcsc/96x96/C17902_back.jpg", "224x224": "https://assets.lcsc.com/images/szlcsc/224x224/C17902_back.jpg", "900x900": "https://assets.lcsc.com/images/szlcsc/900x900/C17902_back.jpg", "sort": 3}, {"96x96": "https://assets.lcsc.com/images/szlcsc/96x96/C17902_blank.jpg", "224x224": "https://assets.lcsc.com/images/szlcsc/224x224/C17902_blank.jpg", "900x900": "https://assets.lcsc.com/images/szlcsc/900x900/C17902_blank.jpg", "sort": 5}, {"96x96": "https://assets.lcsc.com/images/szlcsc/96x96/C17902_package.jpg", "224x224": "https://assets.lcsc.com/images/szlcsc/224x224/C17902_package.jpg", "900x900": "https://assets.lcsc.com/images/szlcsc/900x900/C17902_package.jpg", "sort": 7}], "attributes": {"Resistance": "10k\u03a9", "Tolerance": "\u00b11%", "Power(Watts)": "0.25W", "Temperature Coefficient": "\u00b1100ppm/\u2103"}}, "extraTimestamp": 1608066745}, "C17903": {"lcsc": "C17903", "category": "Resistors", "subcategory": "Chip Resistor - Surface Mount", "mfr": "1206W4F100JT5E", "package": "1206", "joints": 2, "manufacturer": "Uniroyal Elec", "basic": true, "description": "Chip Resistor - Surface Mount 10Ohms \u00b11% 1/4W 1206 RoHS", "datasheet": "https://datasheet.lcsc.com/szlcsc/Uniroyal-Elec-1206W4F100JT5E_C17903.pdf", "stock": 180708, "price": [{"qFrom": 1, "qTo": 199, "price": 0.004056522}, {"qFrom": 200, "qTo": null, "price": 0.001453623}], "extra": {"id": 18591, "number": "C17903", "categories": ["Resistors|Chip Resistor - Surface Mount"], "info": {"title": "UNI-ROYAL(Uniroyal Elec) 1206W4F100JT5E", "number": "1206W4F100JT5E", "pre_unit": 5000, "unit": "Piece", "step": 100, "min": 100, "max": 0, "weight": "0.030", "packaging": "Tape & Reel (TR)", "stock_unit": "Reel"}, "url": "/product-detail/Chip-Resistor-Surface-Mount_UNI-ROYAL-Uniroyal-Elec-1206W4F100JT5E_C17903.html", "manufacturer": {"szlcsc_id": 99, "id": 99, "cn": "UNI-ROYAL(\u539a\u58f0)", "en": "UNI-ROYAL(Uniroyal Elec)", "site": "http://www.uniohm.com/", "logo": "https://assets.lcsc.com/images/manufacturer/99.jpg", "number": "1206W4F100JT5E", "grade": "", "abbr": "UNI-ROYAL", "has_abbr": true}, "stock": 218900, "datasheet": {"pdf": "https://datasheet.lcsc.com/szlcsc/1810301421_UNI-ROYAL-Uniroyal-Elec-1206W4F100JT5E_C17903.pdf"}, "tags": [], "package": "1206", "price": [[100, 0.0036, 0.0036, "US$", 1], [1000, 0.0028, 0.0028, "US$", 1], [3000, 0.0026, 0.0026, "US$", 1], [10000, 0.0025, 0.0025, "US$", 1], [50000, 0.0024, 0.0024, "US$", 1]], "auto_down": false, "status": "up", "stock_sz": 86400, "stock_js": 132500, "stock_hk": 0, "hot_sort": 0, "discount": 1, "description": "10\u03a9 \u00b11% 0.25W \u00b1400ppm/\u2103 1206 Chip Resistor - Surface Mount RoHS", "has_reel_service": "3", "images": [{"96x96": "https://assets.lcsc.com/images/szlcsc/96x96/C17903_front.jpg", "224x224": "https://assets.lcsc.com/images/szlcsc/224x224/C17903_front.jpg", "900x900": "https://assets.lcsc.com/images/szlcsc/900x900/C17903_front.jpg", "sort": 1}, {"96x96": "https://assets.lcsc.com/images/szlcsc/96x96/C17903_back.jpg", "224x224": "https://assets.lcsc.com/images/szlcsc/224x224/C17903_back.jpg", "900x900": "https://assets.lcsc.com/images/szlcsc/900x900/C17903_back.jpg", "sort": 3}, {"96x96": "https://assets.lcsc.com/images/szlcsc/96x96/C17903_package.jpg", "224x224": "https://assets.lcsc.com/images/szlcsc/224x224/C17903_package.jpg", "900x900": "https://assets.lcsc.com/images/szlcsc/900x900/C17903_package.jpg", "sort": 7}], "attributes": {"Resistance": "10\u03a9", "Tolerance": "\u00b11%", "Power(Watts)": "0.25W", "Temperature Coefficient": "\u00b1400ppm/\u2103"}}, "extraTimestamp": 1608066745}, "C17924": {"lcsc": "C17924", "category": "Resistors", "subcategory": "Chip Resistor - Surface Mount", "mfr": "1206W4F1800T5E", "package": "1206", "joints": 2, "manufacturer": "Uniroyal Elec", "basic": true, "description": "Chip Resistor - Surface Mount 180Ohms \u00b11% 1/4W 1206 RoHS", "datasheet": "https://datasheet.lcsc.com/szlcsc/Uniroyal-Elec-1206W4F1800T5E_C17924.pdf", "stock": 43294, "price": [{"qFrom": 1, "qTo": 199, "price": 0.007044928}, {"qFrom": 200, "qTo": null, "price": 0.002752174}], "extra": {"id": 18612, "number": "C17924", "categories": ["Resistors|Chip Resistor - Surface Mount"], "info": {"title": "UNI-ROYAL(Uniroyal Elec) 1206W4F1800T5E", "number": "1206W4F1800T5E", "pre_unit": 5000, "unit": "Piece", "step": 50, "min": 50, "max": 0, "weight": "0.030", "packaging": "Tape & Reel (TR)", "stock_unit": "Reel"}, "url": "/product-detail/Chip-Resistor-Surface-Mount_UNI-ROYAL-Uniroyal-Elec-1206W4F1800T5E_C17924.html", "manufacturer": {"szlcsc_id": 99, "id": 99, "cn": "UNI-ROYAL(\u539a\u58f0)", "en": "UNI-ROYAL(Uniroyal Elec)", "site": "http://www.uniohm.com/", "logo": "https://assets.lcsc.com/images/manufacturer/99.jpg", "number": "1206W4F1800T5E", "grade": "", "abbr": "UNI-ROYAL", "has_abbr": true}, "stock": 36800, "datasheet": {"pdf": "https://datasheet.lcsc.com/szlcsc/1810301437_UNI-ROYAL-Uniroyal-Elec-1206W4F1800T5E_C17924.pdf"}, "tags": [], "package": "1206", "price": [[50, 0.0037, 0.0037, "US$", 1], [500, 0.0029, 0.0029, "US$", 1], [1500, 0.0027, 0.0027, "US$", 1], [5000, 0.0025, 0.0025, "US$", 1], [50000, 0.0024, 0.0024, "US$", 1]], "auto_down": false, "status": "up", "stock_sz": 22600, "stock_js": 14200, "stock_hk": 0, "hot_sort": 0, "discount": 1, "description": "180\u03a9 \u00b11% 0.25W \u00b1100ppm/\u2103 1206 Chip Resistor - Surface Mount RoHS", "has_reel_service": "3", "images": [{"96x96": "https://assets.lcsc.com/images/szlcsc/96x96/C17924_front.jpg", "224x224": "https://assets.lcsc.com/images/szlcsc/224x224/C17924_front.jpg", "900x900": "https://assets.lcsc.com/images/szlcsc/900x900/C17924_front.jpg", "sort": 1}, {"96x96": "https://assets.lcsc.com/images/szlcsc/96x96/C17924_back.jpg", "224x224": "https://assets.lcsc.com/images/szlcsc/224x224/C17924_back.jpg", "900x900": "https://assets.lcsc.com/images/szlcsc/900x900/C17924_back.jpg", "sort": 3}, {"96x96": "https://assets.lcsc.com/images/szlcsc/96x96/C17924_package.jpg", "224x224": "https://assets.lcsc.com/images/szlcsc/224x224/C17924_package.jpg", "900x900": "https://assets.lcsc.com/images/szlcsc/900x900/C17924_package.jpg", "sort": 7}, {"96x96": "https://assets.lcsc.com/images/szlcsc/96x96/C17924_blank.jpg", "224x224": "https://assets.lcsc.com/images/szlcsc/224x224/C17924_blank.jpg", "900x900": "https://assets.lcsc.com/images/szlcsc/900x900/C17924_blank.jpg", "sort": 5}], "attributes": {"Resistance": "180\u03a9", "Tolerance": "\u00b11%", "Power(Watts)": "0.25W", "Temperature Coefficient": "\u00b1100ppm/\u2103"}}, "extraTimestamp": 1608066746}, "C17928": {"lcsc": "C17928", "category": "Resistors", "subcategory": "Chip Resistor - Surface Mount", "mfr": "1206W4F100KT5E", "package": "1206", "joints": 2, "manufacturer": "Uniroyal Elec", "basic": true, "description": "Chip Resistor - Surface Mount 1Ohms \u00b11% 1/4W 1206 RoHS", "datasheet": "https://datasheet.lcsc.com/szlcsc/Uniroyal-Elec-1206W4F100KT5E_C17928.pdf", "stock": 50315, "price": [{"qFrom": 1, "qTo": 199, "price": 0.007086957}, {"qFrom": 200, "qTo": null, "price": 0.002768116}], "extra": {"id": 18616, "number": "C17928", "categories": ["Resistors|Chip Resistor - Surface Mount"], "info": {"title": "UNI-ROYAL(Uniroyal Elec) 1206W4F100KT5E", "number": "1206W4F100KT5E", "pre_unit": 5000, "unit": "Piece", "step": 50, "min": 50, "max": 0, "weight": "0.030", "packaging": "Tape & Reel (TR)", "stock_unit": "Reel"}, "url": "/product-detail/Chip-Resistor-Surface-Mount_UNI-ROYAL-Uniroyal-Elec-1206W4F100KT5E_C17928.html", "manufacturer": {"szlcsc_id": 99, "id": 99, "cn": "UNI-ROYAL(\u539a\u58f0)", "en": "UNI-ROYAL(Uniroyal Elec)", "site": "http://www.uniohm.com/", "logo": "https://assets.lcsc.com/images/manufacturer/99.jpg", "number": "1206W4F100KT5E", "grade": "", "abbr": "UNI-ROYAL", "has_abbr": true}, "stock": 100, "datasheet": {"pdf": "https://datasheet.lcsc.com/szlcsc/1810301422_UNI-ROYAL-Uniroyal-Elec-1206W4F100KT5E_C17928.pdf"}, "tags": [], "package": "1206", "price": [[50, 0.0046, 0.0046, "US$", 1], [500, 0.0035, 0.0035, "US$", 1], [1500, 0.0033, 0.0033, "US$", 1], [5000, 0.0031, 0.0031, "US$", 1], [25000, 0.003, 0.003, "US$", 1]], "auto_down": false, "status": "up", "stock_sz": 0, "stock_js": 100, "stock_hk": 0, "hot_sort": 0, "discount": 1, "description": "1\u03a9 \u00b11% 0.25W \u00b1800ppm/\u2103 1206 Chip Resistor - Surface Mount RoHS", "has_reel_service": "3", "images": [{"96x96": "https://assets.lcsc.com/images/szlcsc/96x96/C17928_front.jpg", "224x224": "https://assets.lcsc.com/images/szlcsc/224x224/C17928_front.jpg", "900x900": "https://assets.lcsc.com/images/szlcsc/900x900/C17928_front.jpg", "sort": 1}, {"96x96": "https://assets.lcsc.com/images/szlcsc/96x96/C17928_back.jpg", "224x224": "https://assets.lcsc.com/images/szlcsc/224x224/C17928_back.jpg", "900x900": "https://assets.lcsc.com/images/szlcsc/900x900/C17928_back.jpg", "sort": 3}, {"96x96": "https://assets.lcsc.com/images/szlcsc/96x96/C17928_blank.jpg", "224x224": "https://assets.lcsc.com/images/szlcsc/224x224/C17928_blank.jpg", "900x900": "https://assets.lcsc.com/images/szlcsc/900x900/C17928_blank.jpg", "sort": 5}, {"96x96": "https://assets.lcsc.com/images/szlcsc/96x96/C17928_package.jpg", "224x224": "https://assets.lcsc.com/images/szlcsc/224x224/C17928_package.jpg", "900x900": "https://assets.lcsc.com/images/szlcsc/900x900/C17928_package.jpg", "sort": 7}], "attributes": {"Resistance": "1\u03a9", "Tolerance": "\u00b11%", "Power(Watts)": "0.25W", "Temperature Coefficient": "\u00b1800ppm/\u2103"}}, "extraTimestamp": 1608066746}, "C17936": {"lcsc": "C17936", "category": "Resistors", "subcategory": "Chip Resistor - Surface Mount", "mfr": "1206W4F4701T5E", "package": "1206", "joints": 2, "manufacturer": "Uniroyal Elec", "basic": true, "description": "Chip Resistor - Surface Mount 4.7KOhms \u00b11% 1/4W 1206 RoHS", "datasheet": "https://datasheet.lcsc.com/szlcsc/Uniroyal-Elec-1206W4F4701T5E_C17936.pdf", "stock": 555574, "price": [{"qFrom": 1, "qTo": 199, "price": 0.00576087}, {"qFrom": 200, "qTo": null, "price": 0.002156522}], "extra": {"id": 18624, "number": "C17936", "categories": ["Resistors|Chip Resistor - Surface Mount"], "info": {"title": "UNI-ROYAL(Uniroyal Elec) 1206W4F4701T5E", "number": "1206W4F4701T5E", "pre_unit": 5000, "unit": "Piece", "step": 100, "min": 100, "max": 0, "weight": "0.030", "packaging": "Tape & Reel (TR)", "stock_unit": "Reel"}, "url": "/product-detail/Chip-Resistor-Surface-Mount_UNI-ROYAL-Uniroyal-Elec-1206W4F4701T5E_C17936.html", "manufacturer": {"szlcsc_id": 99, "id": 99, "cn": "UNI-ROYAL(\u539a\u58f0)", "en": "UNI-ROYAL(Uniroyal Elec)", "site": "http://www.uniohm.com/", "logo": "https://assets.lcsc.com/images/manufacturer/99.jpg", "number": "1206W4F4701T5E", "grade": "", "abbr": "UNI-ROYAL", "has_abbr": true}, "stock": 271500, "datasheet": {"pdf": "https://datasheet.lcsc.com/szlcsc/1810301414_UNI-ROYAL-Uniroyal-Elec-1206W4F4701T5E_C17936.pdf"}, "tags": [], "package": "1206", "price": [[100, 0.0037, 0.0037, "US$", 1], [1000, 0.0029, 0.0029, "US$", 1], [3000, 0.0027, 0.0027, "US$", 1], [10000, 0.0026, 0.0026, "US$", 1], [50000, 0.0025, 0.0025, "US$", 1], [100000, 0.0024, 0.0024, "US$", 1]], "auto_down": false, "status": "up", "stock_sz": 165700, "stock_js": 105800, "stock_hk": 0, "hot_sort": 0, "discount": 1, "description": "4.7k\u03a9 \u00b11% 0.25W \u00b1100ppm/\u2103 1206 Chip Resistor - Surface Mount RoHS", "has_reel_service": "3", "images": [{"96x96": "https://assets.lcsc.com/images/szlcsc/96x96/C17936_front.jpg", "224x224": "https://assets.lcsc.com/images/szlcsc/224x224/C17936_front.jpg", "900x900": "https://assets.lcsc.com/images/szlcsc/900x900/C17936_front.jpg", "sort": 1}, {"96x96": "https://assets.lcsc.com/images/szlcsc/96x96/C17936_back.jpg", "224x224": "https://assets.lcsc.com/images/szlcsc/224x224/C17936_back.jpg", "900x900": "https://assets.lcsc.com/images/szlcsc/900x900/C17936_back.jpg", "sort": 3}, {"96x96": "https://assets.lcsc.com/images/szlcsc/96x96/C17936_blank.jpg", "224x224": "https://assets.lcsc.com/images/szlcsc/224x224/C17936_blank.jpg", "900x900": "https://assets.lcsc.com/images/szlcsc/900x900/C17936_blank.jpg", "sort": 5}], "attributes": {"Resistance": "4.7k\u03a9", "Tolerance": "\u00b11%", "Power(Watts)": "0.25W", "Temperature Coefficient": "\u00b1100ppm/\u2103"}}, "extraTimestamp": 1608066746}, "C17944": {"lcsc": "C17944", "category": "Resistors", "subcategory": "Chip Resistor - Surface Mount", "mfr": "1206W4F2001T5E", "package": "1206", "joints": 2, "manufacturer": "Uniroyal Elec", "basic": true, "description": "Chip Resistor - Surface Mount 2KOhms \u00b11% 1/4W 1206 RoHS", "datasheet": "https://datasheet.lcsc.com/szlcsc/Uniroyal-Elec-1206W4F2001T5E_C17944.pdf", "stock": 141238, "price": [{"qFrom": 1, "qTo": 199, "price": 0.004091304}, {"qFrom": 200, "qTo": null, "price": 0.001465217}], "extra": {"id": 18632, "number": "C17944", "categories": ["Resistors|Chip Resistor - Surface Mount"], "info": {"title": "UNI-ROYAL(Uniroyal Elec) 1206W4F2001T5E", "number": "1206W4F2001T5E", "pre_unit": 5000, "unit": "Piece", "step": 50, "min": 50, "max": 0, "weight": "0.030", "packaging": "Tape & Reel (TR)", "stock_unit": "Reel"}, "url": "/product-detail/Chip-Resistor-Surface-Mount_UNI-ROYAL-Uniroyal-Elec-1206W4F2001T5E_C17944.html", "manufacturer": {"szlcsc_id": 99, "id": 99, "cn": "UNI-ROYAL(\u539a\u58f0)", "en": "UNI-ROYAL(Uniroyal Elec)", "site": "http://www.uniohm.com/", "logo": "https://assets.lcsc.com/images/manufacturer/99.jpg", "number": "1206W4F2001T5E", "grade": "", "abbr": "UNI-ROYAL", "has_abbr": true}, "stock": 110400, "datasheet": {"pdf": "https://datasheet.lcsc.com/szlcsc/1811091710_UNI-ROYAL-Uniroyal-Elec-1206W4F2001T5E_C17944.pdf"}, "tags": [], "package": "1206", "price": [[50, 0.0047, 0.0047, "US$", 1], [500, 0.0039, 0.0039, "US$", 1], [1500, 0.0037, 0.0037, "US$", 1], [5000, 0.0035, 0.0035, "US$", 1], [50000, 0.0034, 0.0034, "US$", 1]], "auto_down": false, "status": "up", "stock_sz": 62800, "stock_js": 47600, "stock_hk": 0, "hot_sort": 0, "discount": 1, "description": "2k\u03a9 \u00b11% 0.25W \u00b1100ppm/\u2103 1206 Chip Resistor - Surface Mount RoHS", "has_reel_service": "3", "images": [{"96x96": "https://assets.lcsc.com/images/szlcsc/96x96/C17944_front.jpg", "224x224": "https://assets.lcsc.com/images/szlcsc/224x224/C17944_front.jpg", "900x900": "https://assets.lcsc.com/images/szlcsc/900x900/C17944_front.jpg", "sort": 1}, {"96x96": "https://assets.lcsc.com/images/szlcsc/96x96/C17944_back.jpg", "224x224": "https://assets.lcsc.com/images/szlcsc/224x224/C17944_back.jpg", "900x900": "https://assets.lcsc.com/images/szlcsc/900x900/C17944_back.jpg", "sort": 3}, {"96x96": "https://assets.lcsc.com/images/szlcsc/96x96/C17944_package_10.jpg", "224x224": "https://assets.lcsc.com/images/szlcsc/224x224/C17944_package_10.jpg", "900x900": "https://assets.lcsc.com/images/szlcsc/900x900/C17944_package_10.jpg", "sort": 7}, {"96x96": "https://assets.lcsc.com/images/szlcsc/96x96/C17944_blank.jpg", "224x224": "https://assets.lcsc.com/images/szlcsc/224x224/C17944_blank.jpg", "900x900": "https://assets.lcsc.com/images/szlcsc/900x900/C17944_blank.jpg", "sort": 5}], "attributes": {"Resistance": "2k\u03a9", "Tolerance": "\u00b11%", "Power(Watts)": "0.25W", "Temperature Coefficient": "\u00b1100ppm/\u2103"}}, "extraTimestamp": 1608066747}, "C17955": {"lcsc": "C17955", "category": "Resistors", "subcategory": "Chip Resistor - Surface Mount", "mfr": "1206W4F200JT5E", "package": "1206", "joints": 2, "manufacturer": "Uniroyal Elec", "basic": true, "description": "Chip Resistor - Surface Mount 20Ohms \u00b11% 1/4W 1206 RoHS", "datasheet": "https://datasheet.lcsc.com/szlcsc/Uniroyal-Elec-1206W4F200JT5E_C17955.pdf", "stock": 277566, "price": [{"qFrom": 1, "qTo": 199, "price": 0.005837681}, {"qFrom": 200, "qTo": null, "price": 0.002185507}], "extra": {"id": 18643, "number": "C17955", "categories": ["Resistors|Chip Resistor - Surface Mount"], "info": {"title": "UNI-ROYAL(Uniroyal Elec) 1206W4F200JT5E", "number": "1206W4F200JT5E", "pre_unit": 5000, "unit": "Piece", "step": 50, "min": 50, "max": 0, "weight": "0.030", "packaging": "Tape & Reel (TR)", "stock_unit": "Reel"}, "url": "/product-detail/Chip-Resistor-Surface-Mount_UNI-ROYAL-Uniroyal-Elec-1206W4F200JT5E_C17955.html", "manufacturer": {"szlcsc_id": 99, "id": 99, "cn": "UNI-ROYAL(\u539a\u58f0)", "en": "UNI-ROYAL(Uniroyal Elec)", "site": "http://www.uniohm.com/", "logo": "https://assets.lcsc.com/images/manufacturer/99.jpg", "number": "1206W4F200JT5E", "grade": "", "abbr": "UNI-ROYAL", "has_abbr": true}, "stock": 163700, "datasheet": {"pdf": "https://datasheet.lcsc.com/szlcsc/1810301411_UNI-ROYAL-Uniroyal-Elec-1206W4F200JT5E_C17955.pdf"}, "tags": [], "package": "1206", "price": [[50, 0.0048, 0.0048, "US$", 1], [500, 0.004, 0.004, "US$", 1], [1500, 0.0038, 0.0038, "US$", 1], [5000, 0.0036, 0.0036, "US$", 1], [50000, 0.0035, 0.0035, "US$", 1]], "auto_down": false, "status": "up", "stock_sz": 137800, "stock_js": 25900, "stock_hk": 0, "hot_sort": 0, "discount": 1, "description": "20\u03a9 \u00b11% 0.25W \u00b1200ppm/\u2103 1206 Chip Resistor - Surface Mount RoHS", "has_reel_service": "3", "images": [{"96x96": "https://assets.lcsc.com/images/szlcsc/96x96/C17955_front.jpg", "224x224": "https://assets.lcsc.com/images/szlcsc/224x224/C17955_front.jpg", "900x900": "https://assets.lcsc.com/images/szlcsc/900x900/C17955_front.jpg", "sort": 1}, {"96x96": "https://assets.lcsc.com/images/szlcsc/96x96/C17955_back.jpg", "224x224": "https://assets.lcsc.com/images/szlcsc/224x224/C17955_back.jpg", "900x900": "https://assets.lcsc.com/images/szlcsc/900x900/C17955_back.jpg", "sort": 3}, {"96x96": "https://assets.lcsc.com/images/szlcsc/96x96/C17955_package.jpg", "224x224": "https://assets.lcsc.com/images/szlcsc/224x224/C17955_package.jpg", "900x900": "https://assets.lcsc.com/images/szlcsc/900x900/C17955_package.jpg", "sort": 7}], "attributes": {"Resistance": "20\u03a9", "Tolerance": "\u00b11%", "Power(Watts)": "0.25W", "Temperature Coefficient": "\u00b1200ppm/\u2103"}}, "extraTimestamp": 1608066747}}}, "Inductors & Chokes & Transformers": {"Inductors (SMD)": {"C32375": {"lcsc": "C32375", "category": "Inductors & Chokes & Transformers", "subcategory": "Inductors (SMD)", "mfr": "SDFL2012T220KTF", "package": "0805", "joints": 2, "manufacturer": "Sunlord", "basic": true, "description": "Inductors (SMD) 0805 RoHS", "datasheet": "https://datasheet.lcsc.com/szlcsc/Sunlord-SDFL2012T220KTF_C32375.pdf", "stock": 43999, "price": [{"qFrom": 1, "qTo": 199, "price": 0.0262}, {"qFrom": 200, "qTo": null, "price": 0.0125}], "extra": {"id": 33340, "number": "C32375", "categories": ["Inductors & Chokes & Transformers|Inductors (SMD)"], "info": {"title": "Sunlord SDFL2012T220KTF", "number": "SDFL2012T220KTF", "pre_unit": 4000, "unit": "Piece", "step": 20, "min": 20, "max": 0, "weight": "0.037", "packaging": "Tape & Reel (TR)", "stock_unit": "Reel"}, "url": "/product-detail/Inductors-SMD_Sunlord-SDFL2012T220KTF_C32375.html", "manufacturer": {"szlcsc_id": 270, "id": 270, "cn": "Sunlord(\u987a\u7edc)", "en": "Sunlord", "site": "http://www.sunlordinc.com/", "logo": "https://assets.lcsc.com/images/manufacturer/270.jpg", "number": "SDFL2012T220KTF", "grade": "", "abbr": "Sunlord", "has_abbr": true}, "stock": 22140, "datasheet": {"pdf": "https://datasheet.lcsc.com/szlcsc/2005061032_Sunlord-SDFL2012T220KTF_C32375.pdf"}, "tags": [], "package": "0805", "price": [[20, 0.0227, 0.0227, "US$", 1], [200, 0.0171, 0.0171, "US$", 1], [600, 0.016, 0.016, "US$", 1], [2000, 0.015, 0.015, "US$", 1], [10000, 0.0146, 0.0146, "US$", 1], [20000, 0.0143, 0.0143, "US$", 1]], "auto_down": false, "status": "up", "stock_sz": 21040, "stock_js": 1100, "stock_hk": 0, "hot_sort": 0, "discount": 1, "description": "22uH \u00b110% 5mA 1.1\u03a9 0805 Inductors (SMD) RoHS", "has_reel_service": "3", "images": [{"96x96": "https://assets.lcsc.com/images/szlcsc/96x96/C32375_front.jpg", "224x224": "https://assets.lcsc.com/images/szlcsc/224x224/C32375_front.jpg", "900x900": "https://assets.lcsc.com/images/szlcsc/900x900/C32375_front.jpg", "sort": 1}, {"96x96": "https://assets.lcsc.com/images/szlcsc/96x96/C32375_back.jpg", "224x224": "https://assets.lcsc.com/images/szlcsc/224x224/C32375_back.jpg", "900x900": "https://assets.lcsc.com/images/szlcsc/900x900/C32375_back.jpg", "sort": 3}, {"96x96": "https://assets.lcsc.com/images/szlcsc/96x96/C32375_package.jpg", "224x224": "https://assets.lcsc.com/images/szlcsc/224x224/C32375_package.jpg", "900x900": "https://assets.lcsc.com/images/szlcsc/900x900/C32375_package.jpg", "sort": 7}], "attributes": {"Inductance": "22uH", "Tolerance": "\u00b110%", "Rated current": "5mA", "DC Resistance (DCR)": "1.1\u03a9"}}, "extraTimestamp": 1609363227}, "C51725": {"lcsc": "C51725", "category": "Inductors & Chokes & Transformers", "subcategory": "Inductors (SMD)", "mfr": "SDFL2012Q3R3KTF", "package": "0805", "joints": 2, "manufacturer": "Sunlord", "basic": true, "description": "Inductors (SMD) 0805 RoHS", "datasheet": "https://datasheet.lcsc.com/szlcsc/Sunlord-SDFL2012Q3R3KTF_C51725.pdf", "stock": 27602, "price": [{"qFrom": 1, "qTo": 199, "price": 0.016815942}, {"qFrom": 200, "qTo": null, "price": 0.007427536}], "extra": {"id": 52738, "number": "C51725", "categories": ["Inductors & Chokes & Transformers|Inductors (SMD)"], "info": {"title": "Sunlord SDFL2012Q3R3KTF", "number": "SDFL2012Q3R3KTF", "pre_unit": 4000, "unit": "Piece", "step": 50, "min": 50, "max": 0, "weight": "0.037", "packaging": "Tape & Reel (TR)", "stock_unit": "Reel"}, "url": "/product-detail/Inductors-SMD_Sunlord-SDFL2012Q3R3KTF_C51725.html", "manufacturer": {"szlcsc_id": 270, "id": 270, "cn": "Sunlord(\u987a\u7edc)", "en": "Sunlord", "site": "http://www.sunlordinc.com/", "logo": "https://assets.lcsc.com/images/manufacturer/270.jpg", "number": "SDFL2012Q3R3KTF", "grade": "", "abbr": "Sunlord", "has_abbr": true}, "stock": 32800, "datasheet": {"pdf": "https://datasheet.lcsc.com/szlcsc/1811111110_Sunlord-SDFL2012Q3R3KTF_C51725.pdf"}, "tags": [], "package": "0805", "price": [[50, 0.0137, 0.0137, "US$", 1], [500, 0.0102, 0.0102, "US$", 1], [1500, 0.0095, 0.0095, "US$", 1], [5000, 0.0089, 0.0089, "US$", 1], [25000, 0.0086, 0.0086, "US$", 1], [50000, 0.0084, 0.0084, "US$", 1]], "auto_down": false, "status": "up", "stock_sz": 15800, "stock_js": 17000, "stock_hk": 0, "hot_sort": 0, "discount": 1, "description": "3.3uH \u00b110% 30mA 800m\u03a9 0805 Inductors (SMD) RoHS", "has_reel_service": "3", "images": [{"96x96": "https://assets.lcsc.com/images/szlcsc/96x96/C51725_front.jpg", "224x224": "https://assets.lcsc.com/images/szlcsc/224x224/C51725_front.jpg", "900x900": "https://assets.lcsc.com/images/szlcsc/900x900/C51725_front.jpg", "sort": 1}, {"96x96": "https://assets.lcsc.com/images/szlcsc/96x96/C51725_back.jpg", "224x224": "https://assets.lcsc.com/images/szlcsc/224x224/C51725_back.jpg", "900x900": "https://assets.lcsc.com/images/szlcsc/900x900/C51725_back.jpg", "sort": 3}, {"96x96": "https://assets.lcsc.com/images/szlcsc/96x96/C51725_blank.jpg", "224x224": "https://assets.lcsc.com/images/szlcsc/224x224/C51725_blank.jpg", "900x900": "https://assets.lcsc.com/images/szlcsc/900x900/C51725_blank.jpg", "sort": 5}, {"96x96": "https://assets.lcsc.com/images/szlcsc/96x96/C51725_package.jpg", "224x224": "https://assets.lcsc.com/images/szlcsc/224x224/C51725_package.jpg", "900x900": "https://assets.lcsc.com/images/szlcsc/900x900/C51725_package.jpg", "sort": 7}], "attributes": {"Inductance": "3.3uH", "Tolerance": "\u00b110%", "Rated current": "30mA", "DC Resistance (DCR)": "800m\u03a9"}}, "extraTimestamp": 1609363227}, "C14304": {"lcsc": "C14304", "category": "Inductors & Chokes & Transformers", "subcategory": "Inductors (SMD)", "mfr": "SDFL2012T470KTF", "package": "0805", "joints": 2, "manufacturer": "Sunlord", "basic": true, "description": "Inductors (SMD) 0805 RoHS", "datasheet": "https://datasheet.lcsc.com/szlcsc/Sunlord-SDFL2012T470KTF_C14304.pdf", "stock": 26497, "price": [{"qFrom": 1, "qTo": 99, "price": 0.043747826}, {"qFrom": 100, "qTo": null, "price": 0.023369565}], "extra": {"id": 14964, "number": "C14304", "categories": ["Inductors & Chokes & Transformers|Inductors (SMD)"], "info": {"title": "Sunlord SDFL2012T470KTF", "number": "SDFL2012T470KTF", "pre_unit": 3000, "unit": "Piece", "step": 20, "min": 20, "max": 0, "weight": "0.037", "packaging": "Tape & Reel (TR)", "stock_unit": "Reel"}, "url": "/product-detail/Inductors-SMD_Sunlord-SDFL2012T470KTF_C14304.html", "manufacturer": {"szlcsc_id": 270, "id": 270, "cn": "Sunlord(\u987a\u7edc)", "en": "Sunlord", "site": "http://www.sunlordinc.com/", "logo": "https://assets.lcsc.com/images/manufacturer/270.jpg", "number": "SDFL2012T470KTF", "grade": "", "abbr": "Sunlord", "has_abbr": true}, "stock": 11040, "datasheet": {"pdf": "https://datasheet.lcsc.com/szlcsc/1811111110_Sunlord-SDFL2012T470KTF_C14304.pdf"}, "tags": [], "package": "0805", "price": [[20, 0.0335, 0.0335, "US$", 1], [200, 0.0251, 0.0251, "US$", 1], [600, 0.0235, 0.0235, "US$", 1], [2000, 0.022, 0.022, "US$", 1], [10000, 0.0213, 0.0213, "US$", 1], [20000, 0.0209, 0.0209, "US$", 1]], "auto_down": false, "status": "up", "stock_sz": 5600, "stock_js": 5440, "stock_hk": 0, "hot_sort": 0, "discount": 1, "description": "47uH \u00b110% 4mA 3\u03a9 0805 Inductors (SMD) RoHS", "has_reel_service": "3", "images": [{"96x96": "https://assets.lcsc.com/images/szlcsc/96x96/C14304_front.jpg", "224x224": "https://assets.lcsc.com/images/szlcsc/224x224/C14304_front.jpg", "900x900": "https://assets.lcsc.com/images/szlcsc/900x900/C14304_front.jpg", "sort": 1}, {"96x96": "https://assets.lcsc.com/images/szlcsc/96x96/C14304_back.jpg", "224x224": "https://assets.lcsc.com/images/szlcsc/224x224/C14304_back.jpg", "900x900": "https://assets.lcsc.com/images/szlcsc/900x900/C14304_back.jpg", "sort": 3}, {"96x96": "https://assets.lcsc.com/images/szlcsc/96x96/C14304_blank.jpg", "224x224": "https://assets.lcsc.com/images/szlcsc/224x224/C14304_blank.jpg", "900x900": "https://assets.lcsc.com/images/szlcsc/900x900/C14304_blank.jpg", "sort": 5}, {"96x96": "https://assets.lcsc.com/images/szlcsc/96x96/C14304_package.jpg", "224x224": "https://assets.lcsc.com/images/szlcsc/224x224/C14304_package.jpg", "900x900": "https://assets.lcsc.com/images/szlcsc/900x900/C14304_package.jpg", "sort": 7}], "attributes": {"Inductance": "47uH", "Tolerance": "\u00b110%", "Rated current": "4mA", "DC Resistance (DCR)": "3\u03a9"}}, "extraTimestamp": 1609363228}, "C1042": {"lcsc": "C1042", "category": "Inductors & Chokes & Transformers", "subcategory": "Inductors (SMD)", "mfr": "SDFL2012Q1R0KTF", "package": "0805", "joints": 2, "manufacturer": "Sunlord", "basic": true, "description": "Inductors (SMD) 0805 RoHS", "datasheet": "https://datasheet.lcsc.com/szlcsc/Sunlord-SDFL2012Q1R0KTF_C1042.pdf", "stock": 37413, "price": [{"qFrom": 1, "qTo": 199, "price": 0.017931884}, {"qFrom": 200, "qTo": null, "price": 0.00824058}], "extra": {"id": 1394, "number": "C1042", "categories": ["Inductors & Chokes & Transformers|Inductors (SMD)"], "info": {"title": "Sunlord SDFL2012Q1R0KTF", "number": "SDFL2012Q1R0KTF", "pre_unit": 4000, "unit": "Piece", "step": 50, "min": 50, "max": 0, "weight": "0.037", "packaging": "Tape & Reel (TR)", "stock_unit": "Reel"}, "url": "/product-detail/Inductors-SMD_Sunlord-SDFL2012Q1R0KTF_C1042.html", "manufacturer": {"szlcsc_id": 270, "id": 270, "cn": "Sunlord(\u987a\u7edc)", "en": "Sunlord", "site": "http://www.sunlordinc.com/", "logo": "https://assets.lcsc.com/images/manufacturer/270.jpg", "number": "SDFL2012Q1R0KTF", "grade": "", "abbr": "Sunlord", "has_abbr": true}, "stock": 58250, "datasheet": {"pdf": "https://datasheet.lcsc.com/szlcsc/1811111110_Sunlord-SDFL2012Q1R0KTF_C1042.pdf"}, "tags": [], "package": "0805", "price": [[50, 0.0174, 0.0174, "US$", 1], [500, 0.0139, 0.0139, "US$", 1], [1500, 0.0133, 0.0133, "US$", 1], [5000, 0.0126, 0.0126, "US$", 1], [25000, 0.0124, 0.0124, "US$", 1], [50000, 0.0122, 0.0122, "US$", 1]], "auto_down": false, "status": "up", "stock_sz": 36650, "stock_js": 21600, "stock_hk": 0, "hot_sort": 0, "discount": 1, "description": "1uH \u00b110% 50mA 400m\u03a9 0805 Inductors (SMD) RoHS", "has_reel_service": "3", "images": [{"96x96": "https://assets.lcsc.com/images/szlcsc/96x96/C1042_front.jpg", "224x224": "https://assets.lcsc.com/images/szlcsc/224x224/C1042_front.jpg", "900x900": "https://assets.lcsc.com/images/szlcsc/900x900/C1042_front.jpg", "sort": 1}, {"96x96": "https://assets.lcsc.com/images/szlcsc/96x96/C1042_back.jpg", "224x224": "https://assets.lcsc.com/images/szlcsc/224x224/C1042_back.jpg", "900x900": "https://assets.lcsc.com/images/szlcsc/900x900/C1042_back.jpg", "sort": 3}], "attributes": {"Inductance": "1uH", "Tolerance": "\u00b110%", "Rated current": "50mA", "DC Resistance (DCR)": "400m\u03a9"}}, "extraTimestamp": 1609363229}, "C1043": {"lcsc": "C1043", "category": "Inductors & Chokes & Transformers", "subcategory": "Inductors (SMD)", "mfr": "CMI201209U2R2KT", "package": "0805", "joints": 2, "manufacturer": "Guangdong Fenghua Advanced Tech", "basic": true, "description": "Inductors (SMD) 0805 RoHS", "datasheet": "https://datasheet.lcsc.com/szlcsc/Guangdong-Fenghua-Advanced-Tech-CMI201209U2R2KT_C1043.pdf", "stock": 34565, "price": [{"qFrom": 1, "qTo": 199, "price": 0.010449275}, {"qFrom": 200, "qTo": null, "price": 0.004427536}], "extra": {"id": 1395, "number": "C1043", "categories": ["Inductors & Chokes & Transformers|Inductors (SMD)"], "info": {"title": "FH(Guangdong Fenghua Advanced Tech) CMI201209U2R2KT", "number": "CMI201209U2R2KT", "pre_unit": 4000, "unit": "Piece", "step": 50, "min": 50, "max": 0, "weight": "0.040", "packaging": "Tape & Reel (TR)", "stock_unit": "Reel"}, "url": "/product-detail/Inductors-SMD_FH-Guangdong-Fenghua-Advanced-Tech-CMI201209U2R2KT_C1043.html", "manufacturer": {"szlcsc_id": 63, "id": 63, "cn": "FH(\u98ce\u534e)", "en": "FH(Guangdong Fenghua Advanced Tech)", "site": "http://www.china-fenghua.com/", "logo": "https://assets.lcsc.com/images/manufacturer/63.jpg", "number": "CMI201209U2R2KT", "grade": "", "abbr": "FH", "has_abbr": true}, "stock": 106000, "datasheet": {"pdf": "https://datasheet.lcsc.com/szlcsc/1811061719_FH-Guangdong-Fenghua-Advanced-Tech-CMI201209U2R2KT_C1043.pdf"}, "tags": [], "package": "0805", "price": [[50, 0.009, 0.009, "US$", 1], [500, 0.0068, 0.0068, "US$", 1], [1500, 0.0064, 0.0064, "US$", 1], [5000, 0.006, 0.006, "US$", 1], [25000, 0.0058, 0.0058, "US$", 1], [50000, 0.0057, 0.0057, "US$", 1]], "auto_down": false, "status": "up", "stock_sz": 72500, "stock_js": 33500, "stock_hk": 0, "hot_sort": 0, "discount": 1, "description": "2.2uH \u00b110% 50mA 600m\u03a9 0805 Inductors (SMD) RoHS", "has_reel_service": "3", "images": [{"96x96": "https://assets.lcsc.com/images/szlcsc/96x96/C1043_front.jpg", "224x224": "https://assets.lcsc.com/images/szlcsc/224x224/C1043_front.jpg", "900x900": "https://assets.lcsc.com/images/szlcsc/900x900/C1043_front.jpg", "sort": 1}, {"96x96": "https://assets.lcsc.com/images/szlcsc/96x96/C1043_back.jpg", "224x224": "https://assets.lcsc.com/images/szlcsc/224x224/C1043_back.jpg", "900x900": "https://assets.lcsc.com/images/szlcsc/900x900/C1043_back.jpg", "sort": 3}, {"96x96": "https://assets.lcsc.com/images/szlcsc/96x96/C1043_package.jpg", "224x224": "https://assets.lcsc.com/images/szlcsc/224x224/C1043_package.jpg", "900x900": "https://assets.lcsc.com/images/szlcsc/900x900/C1043_package.jpg", "sort": 7}, {"96x96": "https://assets.lcsc.com/images/szlcsc/96x96/C1043_blank.jpg", "224x224": "https://assets.lcsc.com/images/szlcsc/224x224/C1043_blank.jpg", "900x900": "https://assets.lcsc.com/images/szlcsc/900x900/C1043_blank.jpg", "sort": 5}], "attributes": {"Inductance": "2.2uH", "Tolerance": "\u00b110%", "Rated current": "50mA", "DC Resistance (DCR)": "600m\u03a9"}}, "extraTimestamp": 1609363229}, "C1046": {"lcsc": "C1046", "category": "Inductors & Chokes & Transformers", "subcategory": "Inductors (SMD)", "mfr": "SDFL2012S100KTF", "package": "0805", "joints": 2, "manufacturer": "Sunlord", "basic": true, "description": "Inductors (SMD) 0805 RoHS", "datasheet": "https://datasheet.lcsc.com/szlcsc/Sunlord-SDFL2012S100KTF_C1046.pdf", "stock": 96901, "price": [{"qFrom": 1, "qTo": 199, "price": 0.01773913}, {"qFrom": 200, "qTo": null, "price": 0.008152174}], "extra": {"id": 1398, "number": "C1046", "categories": ["Inductors & Chokes & Transformers|Inductors (SMD)"], "info": {"title": "Sunlord SDFL2012S100KTF", "number": "SDFL2012S100KTF", "pre_unit": 4000, "unit": "Piece", "step": 50, "min": 50, "max": 0, "weight": "0.037", "packaging": "Tape & Reel (TR)", "stock_unit": "Reel"}, "url": "/product-detail/Inductors-SMD_Sunlord-SDFL2012S100KTF_C1046.html", "manufacturer": {"szlcsc_id": 270, "id": 270, "cn": "Sunlord(\u987a\u7edc)", "en": "Sunlord", "site": "http://www.sunlordinc.com/", "logo": "https://assets.lcsc.com/images/manufacturer/270.jpg", "number": "SDFL2012S100KTF", "grade": "", "abbr": "Sunlord", "has_abbr": true}, "stock": 163850, "datasheet": {"pdf": "https://datasheet.lcsc.com/szlcsc/1811111140_Sunlord-SDFL2012S100KTF_C1046.pdf"}, "tags": [], "package": "0805", "price": [[50, 0.0159, 0.0159, "US$", 1], [500, 0.012, 0.012, "US$", 1], [1500, 0.0113, 0.0113, "US$", 1], [5000, 0.0106, 0.0106, "US$", 1], [25000, 0.0103, 0.0103, "US$", 1], [50000, 0.0101, 0.0101, "US$", 1]], "auto_down": false, "status": "up", "stock_sz": 131400, "stock_js": 32450, "stock_hk": 0, "hot_sort": 0, "discount": 1, "description": "10uH \u00b110% 15mA 1.15\u03a9 0805 Inductors (SMD) RoHS", "has_reel_service": "3", "images": [{"96x96": "https://assets.lcsc.com/images/szlcsc/96x96/C1046_front.jpg", "224x224": "https://assets.lcsc.com/images/szlcsc/224x224/C1046_front.jpg", "900x900": "https://assets.lcsc.com/images/szlcsc/900x900/C1046_front.jpg", "sort": 1}, {"96x96": "https://assets.lcsc.com/images/szlcsc/96x96/C1046_back.jpg", "224x224": "https://assets.lcsc.com/images/szlcsc/224x224/C1046_back.jpg", "900x900": "https://assets.lcsc.com/images/szlcsc/900x900/C1046_back.jpg", "sort": 3}, {"96x96": "https://assets.lcsc.com/images/szlcsc/96x96/C1046_package.jpg", "224x224": "https://assets.lcsc.com/images/szlcsc/224x224/C1046_package.jpg", "900x900": "https://assets.lcsc.com/images/szlcsc/900x900/C1046_package.jpg", "sort": 7}], "attributes": {"Inductance": "10uH", "Tolerance": "\u00b110%", "Rated current": "15mA", "DC Resistance (DCR)": "1.15\u03a9"}}, "extraTimestamp": 1609363230}}}, "Capacitors": {"Multilayer Ceramic Capacitors MLCC - SMD/SMT": {"C1558": {"lcsc": "C1558", "category": "Capacitors", "subcategory": "Multilayer Ceramic Capacitors MLCC - SMD/SMT", "mfr": "0402CG2R0C500NT", "package": "0402", "joints": 2, "manufacturer": "Guangdong Fenghua Advanced Tech", "basic": true, "description": "Multilayer Ceramic Capacitors MLCC - SMD/SMT 2pF 50V 0402 RoHS", "datasheet": "https://datasheet.lcsc.com/szlcsc/Guangdong-Fenghua-Advanced-Tech-0402CG2R0C500NT_C1558.pdf", "stock": 63891, "price": [{"qFrom": 1, "qTo": 999, "price": 0.00173913}, {"qFrom": 1000, "qTo": null, "price": 0.000543478}], "extra": {"id": 1910, "number": "C1558", "categories": ["Capacitors|Multilayer Ceramic Capacitors MLCC - SMD/SMT"], "info": {"title": "FH(Guangdong Fenghua Advanced Tech) 0402CG2R0C500NT", "number": "0402CG2R0C500NT", "pre_unit": 10000, "unit": "Piece", "step": 100, "min": 100, "max": 0, "weight": "0.022", "packaging": "Tape & Reel (TR)", "stock_unit": "Reel"}, "url": "/product-detail/Multilayer-Ceramic-Capacitors-MLCC-SMD-SMT_FH-Guangdong-Fenghua-Advanced-Tech-0402CG2R0C500NT_C1558.html", "manufacturer": {"szlcsc_id": 63, "id": 63, "cn": "FH(\u98ce\u534e)", "en": "FH(Guangdong Fenghua Advanced Tech)", "site": "http://www.china-fenghua.com/", "logo": "https://assets.lcsc.com/images/manufacturer/63.jpg", "number": "0402CG2R0C500NT", "grade": "", "abbr": "FH", "has_abbr": true}, "stock": 214300, "datasheet": {"pdf": "https://datasheet.lcsc.com/szlcsc/1811141710_FH-Guangdong-Fenghua-Advanced-Tech-0402CG2R0C500NT_C1558.pdf"}, "tags": [], "package": "0402", "price": [[100, 0.0013, 0.0013, "US$", 1], [1000, 0.001, 0.001, "US$", 1], [3000, 0.0009, 0.0009, "US$", 1], [10000, 0.0008, 0.0008, "US$", 1]], "auto_down": false, "status": "up", "stock_sz": 204200, "stock_js": 10100, "stock_hk": 0, "hot_sort": 0, "discount": 1, "description": "2pF \u00b10.25pF 50V C0G 0402 Multilayer Ceramic Capacitors MLCC - SMD/SMT RoHS", "has_reel_service": "3", "images": [{"96x96": "https://assets.lcsc.com/images/szlcsc/96x96/C1558_front.jpg", "224x224": "https://assets.lcsc.com/images/szlcsc/224x224/C1558_front.jpg", "900x900": "https://assets.lcsc.com/images/szlcsc/900x900/C1558_front.jpg", "sort": 1}, {"96x96": "https://assets.lcsc.com/images/szlcsc/96x96/C1558_back.jpg", "224x224": "https://assets.lcsc.com/images/szlcsc/224x224/C1558_back.jpg", "900x900": "https://assets.lcsc.com/images/szlcsc/900x900/C1558_back.jpg", "sort": 3}, {"96x96": "https://assets.lcsc.com/images/szlcsc/96x96/C1558_blank.jpg", "224x224": "https://assets.lcsc.com/images/szlcsc/224x224/C1558_blank.jpg", "900x900": "https://assets.lcsc.com/images/szlcsc/900x900/C1558_blank.jpg", "sort": 5}, {"96x96": "https://assets.lcsc.com/images/szlcsc/96x96/C1558_package.jpg", "224x224": "https://assets.lcsc.com/images/szlcsc/224x224/C1558_package.jpg", "900x900": "https://assets.lcsc.com/images/szlcsc/900x900/C1558_package.jpg", "sort": 7}], "attributes": {"Capacitance": "2pF", "Tolerance": "\u00b10.25pF", "Voltage - Rated": "50V", "Temperature Coefficient": "C0G"}}, "extraTimestamp": 1609795384}, "C1561": {"lcsc": "C1561", "category": "Capacitors", "subcategory": "Multilayer Ceramic Capacitors MLCC - SMD/SMT", "mfr": "0402CG2R7C500NT", "package": "0402", "joints": 2, "manufacturer": "Guangdong Fenghua Advanced Tech", "basic": true, "description": "Multilayer Ceramic Capacitors MLCC - SMD/SMT 2.7pF 50V 0402 RoHS", "datasheet": "https://datasheet.lcsc.com/szlcsc/Guangdong-Fenghua-Advanced-Tech-0402CG2R7C500NT_C1561.pdf", "stock": 59863, "price": [{"qFrom": 1, "qTo": 999, "price": 0.00173913}, {"qFrom": 1000, "qTo": null, "price": 0.000543478}], "extra": {"id": 1913, "number": "C1561", "categories": ["Capacitors|Multilayer Ceramic Capacitors MLCC - SMD/SMT"], "info": {"title": "FH(Guangdong Fenghua Advanced Tech) 0402CG2R7C500NT", "number": "0402CG2R7C500NT", "pre_unit": 10000, "unit": "Piece", "step": 100, "min": 100, "max": 0, "weight": "0.022", "packaging": "Tape & Reel (TR)", "stock_unit": "Reel"}, "url": "/product-detail/Multilayer-Ceramic-Capacitors-MLCC-SMD-SMT_FH-Guangdong-Fenghua-Advanced-Tech-0402CG2R7C500NT_C1561.html", "manufacturer": {"szlcsc_id": 63, "id": 63, "cn": "FH(\u98ce\u534e)", "en": "FH(Guangdong Fenghua Advanced Tech)", "site": "http://www.china-fenghua.com/", "logo": "https://assets.lcsc.com/images/manufacturer/63.jpg", "number": "0402CG2R7C500NT", "grade": "", "abbr": "FH", "has_abbr": true}, "stock": 118600, "datasheet": {"pdf": "https://datasheet.lcsc.com/szlcsc/1811141710_FH-Guangdong-Fenghua-Advanced-Tech-0402CG2R7C500NT_C1561.pdf"}, "tags": [], "package": "0402", "price": [[100, 0.0016, 0.0016, "US$", 1], [1000, 0.0012, 0.0012, "US$", 1], [10000, 0.0011, 0.0011, "US$", 1]], "auto_down": false, "status": "up", "stock_sz": 110800, "stock_js": 7800, "stock_hk": 0, "hot_sort": 0, "discount": 1, "description": "2.7pF \u00b10.25pF 50V C0G 0402 Multilayer Ceramic Capacitors MLCC - SMD/SMT RoHS", "has_reel_service": "3", "images": [{"96x96": "https://assets.lcsc.com/images/szlcsc/96x96/C1561_front.jpg", "224x224": "https://assets.lcsc.com/images/szlcsc/224x224/C1561_front.jpg", "900x900": "https://assets.lcsc.com/images/szlcsc/900x900/C1561_front.jpg", "sort": 1}, {"96x96": "https://assets.lcsc.com/images/szlcsc/96x96/C1561_back.jpg", "224x224": "https://assets.lcsc.com/images/szlcsc/224x224/C1561_back.jpg", "900x900": "https://assets.lcsc.com/images/szlcsc/900x900/C1561_back.jpg", "sort": 3}, {"96x96": "https://assets.lcsc.com/images/szlcsc/96x96/C1561_package.jpg", "224x224": "https://assets.lcsc.com/images/szlcsc/224x224/C1561_package.jpg", "900x900": "https://assets.lcsc.com/images/szlcsc/900x900/C1561_package.jpg", "sort": 7}, {"96x96": "https://assets.lcsc.com/images/szlcsc/96x96/C1561_blank.jpg", "224x224": "https://assets.lcsc.com/images/szlcsc/224x224/C1561_blank.jpg", "900x900": "https://assets.lcsc.com/images/szlcsc/900x900/C1561_blank.jpg", "sort": 5}], "attributes": {"Capacitance": "2.7pF", "Tolerance": "\u00b10.25pF", "Voltage - Rated": "50V", "Temperature Coefficient": "C0G"}}, "extraTimestamp": 1609795384}, "C1554": {"lcsc": "C1554", "category": "Capacitors", "subcategory": "Multilayer Ceramic Capacitors MLCC - SMD/SMT", "mfr": "0402CG200J500NT", "package": "0402", "joints": 2, "manufacturer": "Guangdong Fenghua Advanced Tech", "basic": true, "description": "Multilayer Ceramic Capacitors MLCC - SMD/SMT 20pF 50V 0402 RoHS", "datasheet": "https://datasheet.lcsc.com/szlcsc/Guangdong-Fenghua-Advanced-Tech-0402CG200J500NT_C1554.pdf", "stock": 91205, "price": [{"qFrom": 1, "qTo": 199, "price": 0.005649275}, {"qFrom": 200, "qTo": null, "price": 0.002114493}], "extra": {"id": 1906, "number": "C1554", "categories": ["Capacitors|Multilayer Ceramic Capacitors MLCC - SMD/SMT"], "info": {"title": "FH(Guangdong Fenghua Advanced Tech) 0402CG200J500NT", "number": "0402CG200J500NT", "pre_unit": 10000, "unit": "Piece", "step": 100, "min": 100, "max": 0, "weight": "0.022", "packaging": "Tape & Reel (TR)", "stock_unit": "Reel"}, "url": "/product-detail/Multilayer-Ceramic-Capacitors-MLCC-SMD-SMT_FH-Guangdong-Fenghua-Advanced-Tech-0402CG200J500NT_C1554.html", "manufacturer": {"szlcsc_id": 63, "id": 63, "cn": "FH(\u98ce\u534e)", "en": "FH(Guangdong Fenghua Advanced Tech)", "site": "http://www.china-fenghua.com/", "logo": "https://assets.lcsc.com/images/manufacturer/63.jpg", "number": "0402CG200J500NT", "grade": "", "abbr": "FH", "has_abbr": true}, "stock": 610800, "datasheet": {"pdf": "https://datasheet.lcsc.com/szlcsc/1811141710_FH-Guangdong-Fenghua-Advanced-Tech-0402CG200J500NT_C1554.pdf"}, "tags": [], "package": "0402", "price": [[100, 0.0016, 0.0016, "US$", 1], [1000, 0.0013, 0.0013, "US$", 1], [3000, 0.0012, 0.0012, "US$", 1], [10000, 0.0011, 0.0011, "US$", 1]], "auto_down": false, "status": "up", "stock_sz": 578300, "stock_js": 32500, "stock_hk": 0, "hot_sort": 0, "discount": 1, "description": "20pF \u00b15% 50V C0G 0402 Multilayer Ceramic Capacitors MLCC - SMD/SMT RoHS", "has_reel_service": "3", "images": [{"96x96": "https://assets.lcsc.com/images/szlcsc/96x96/C1554_front.jpg", "224x224": "https://assets.lcsc.com/images/szlcsc/224x224/C1554_front.jpg", "900x900": "https://assets.lcsc.com/images/szlcsc/900x900/C1554_front.jpg", "sort": 1}, {"96x96": "https://assets.lcsc.com/images/szlcsc/96x96/C1554_back.jpg", "224x224": "https://assets.lcsc.com/images/szlcsc/224x224/C1554_back.jpg", "900x900": "https://assets.lcsc.com/images/szlcsc/900x900/C1554_back.jpg", "sort": 3}, {"96x96": "https://assets.lcsc.com/images/szlcsc/96x96/C1554_blank.jpg", "224x224": "https://assets.lcsc.com/images/szlcsc/224x224/C1554_blank.jpg", "900x900": "https://assets.lcsc.com/images/szlcsc/900x900/C1554_blank.jpg", "sort": 5}, {"96x96": "https://assets.lcsc.com/images/szlcsc/96x96/C1554_package.jpg", "224x224": "https://assets.lcsc.com/images/szlcsc/224x224/C1554_package.jpg", "900x900": "https://assets.lcsc.com/images/szlcsc/900x900/C1554_package.jpg", "sort": 7}], "attributes": {"Capacitance": "20pF", "Tolerance": "\u00b15%", "Voltage - Rated": "50V", "Temperature Coefficient": "C0G"}}, "extraTimestamp": 1609795385}, "C1530": {"lcsc": "C1530", "category": "Capacitors", "subcategory": "Multilayer Ceramic Capacitors MLCC - SMD/SMT", "mfr": "0402B221K500NT", "package": "0402", "joints": 2, "manufacturer": "Guangdong Fenghua Advanced Tech", "basic": true, "description": "Multilayer Ceramic Capacitors MLCC - SMD/SMT 220pF 50V 0402 RoHS", "datasheet": "https://datasheet.lcsc.com/szlcsc/Guangdong-Fenghua-Advanced-Tech-0402B221K500NT_C1530.pdf", "stock": 79360, "price": [{"qFrom": 1, "qTo": 199, "price": 0.010688406}, {"qFrom": 200, "qTo": null, "price": 0.004528986}], "extra": {"id": 1882, "number": "C1530", "categories": ["Capacitors|Multilayer Ceramic Capacitors MLCC - SMD/SMT"], "info": {"title": "FH(Guangdong Fenghua Advanced Tech) 0402B221K500NT", "number": "0402B221K500NT", "pre_unit": 10000, "unit": "Piece", "step": 100, "min": 100, "max": 0, "weight": "0.022", "packaging": "Tape & Reel (TR)", "stock_unit": "Reel"}, "url": "/product-detail/Multilayer-Ceramic-Capacitors-MLCC-SMD-SMT_FH-Guangdong-Fenghua-Advanced-Tech-0402B221K500NT_C1530.html", "manufacturer": {"szlcsc_id": 63, "id": 63, "cn": "FH(\u98ce\u534e)", "en": "FH(Guangdong Fenghua Advanced Tech)", "site": "http://www.china-fenghua.com/", "logo": "https://assets.lcsc.com/images/manufacturer/63.jpg", "number": "0402B221K500NT", "grade": "", "abbr": "FH", "has_abbr": true}, "stock": 454000, "datasheet": {"pdf": "https://datasheet.lcsc.com/szlcsc/1811151132_FH-Guangdong-Fenghua-Advanced-Tech-0402B221K500NT_C1530.pdf"}, "tags": [], "package": "0402", "price": [[100, 0.0015, 0.0015, "US$", 1], [1000, 0.0011, 0.0011, "US$", 1], [10000, 0.001, 0.001, "US$", 1]], "auto_down": false, "status": "up", "stock_sz": 413800, "stock_js": 40200, "stock_hk": 0, "hot_sort": 0, "discount": 1, "description": "220pF \u00b110% 50V X7R 0402 Multilayer Ceramic Capacitors MLCC - SMD/SMT RoHS", "has_reel_service": "3", "images": [{"96x96": "https://assets.lcsc.com/images/szlcsc/96x96/C1530_front.jpg", "224x224": "https://assets.lcsc.com/images/szlcsc/224x224/C1530_front.jpg", "900x900": "https://assets.lcsc.com/images/szlcsc/900x900/C1530_front.jpg", "sort": 1}, {"96x96": "https://assets.lcsc.com/images/szlcsc/96x96/C1530_back.jpg", "224x224": "https://assets.lcsc.com/images/szlcsc/224x224/C1530_back.jpg", "900x900": "https://assets.lcsc.com/images/szlcsc/900x900/C1530_back.jpg", "sort": 3}, {"96x96": "https://assets.lcsc.com/images/szlcsc/96x96/C1530_blank.jpg", "224x224": "https://assets.lcsc.com/images/szlcsc/224x224/C1530_blank.jpg", "900x900": "https://assets.lcsc.com/images/szlcsc/900x900/C1530_blank.jpg", "sort": 5}, {"96x96": "https://assets.lcsc.com/images/szlcsc/96x96/C1530_package.jpg", "224x224": "https://assets.lcsc.com/images/szlcsc/224x224/C1530_package.jpg", "900x900": "https://assets.lcsc.com/images/szlcsc/900x900/C1530_package.jpg", "sort": 7}], "attributes": {"Capacitance": "220pF", "Tolerance": "\u00b110%", "Voltage - Rated": "50V", "Temperature Coefficient": "X7R"}}, "extraTimestamp": 1609795385}, "C1532": {"lcsc": "C1532", "category": "Capacitors", "subcategory": "Multilayer Ceramic Capacitors MLCC - SMD/SMT", "mfr": "0402B223K500NT", "package": "0402", "joints": 2, "manufacturer": "Guangdong Fenghua Advanced Tech", "basic": true, "description": "Multilayer Ceramic Capacitors MLCC - SMD/SMT 22nF 50V 0402 RoHS", "datasheet": "https://datasheet.lcsc.com/szlcsc/Guangdong-Fenghua-Advanced-Tech-0402B223K500NT_C1532.pdf", "stock": 110653, "price": [{"qFrom": 1, "qTo": 199, "price": 0.010688406}, {"qFrom": 200, "qTo": null, "price": 0.004528986}], "extra": {"id": 1884, "number": "C1532", "categories": ["Capacitors|Multilayer Ceramic Capacitors MLCC - SMD/SMT"], "info": {"title": "FH(Guangdong Fenghua Advanced Tech) 0402B223K500NT", "number": "0402B223K500NT", "pre_unit": 10000, "unit": "Piece", "step": 100, "min": 100, "max": 0, "weight": "0.022", "packaging": "Tape & Reel (TR)", "stock_unit": "Reel"}, "url": "/product-detail/Multilayer-Ceramic-Capacitors-MLCC-SMD-SMT_FH-Guangdong-Fenghua-Advanced-Tech-0402B223K500NT_C1532.html", "manufacturer": {"szlcsc_id": 63, "id": 63, "cn": "FH(\u98ce\u534e)", "en": "FH(Guangdong Fenghua Advanced Tech)", "site": "http://www.china-fenghua.com/", "logo": "https://assets.lcsc.com/images/manufacturer/63.jpg", "number": "0402B223K500NT", "grade": "", "abbr": "FH", "has_abbr": true}, "stock": 201100, "datasheet": {"pdf": "https://datasheet.lcsc.com/szlcsc/1811141710_FH-Guangdong-Fenghua-Advanced-Tech-0402B223K500NT_C1532.pdf"}, "tags": [], "package": "0402", "price": [[100, 0.003, 0.003, "US$", 1], [1000, 0.0023, 0.0023, "US$", 1], [3000, 0.0022, 0.0022, "US$", 1], [10000, 0.002, 0.002, "US$", 1]], "auto_down": false, "status": "up", "stock_sz": 188900, "stock_js": 12200, "stock_hk": 0, "hot_sort": 0, "discount": 1, "description": "22nF \u00b110% 50V X7R 0402 Multilayer Ceramic Capacitors MLCC - SMD/SMT RoHS", "has_reel_service": "3", "images": [{"96x96": "https://assets.lcsc.com/images/szlcsc/96x96/C1532_front.jpg", "224x224": "https://assets.lcsc.com/images/szlcsc/224x224/C1532_front.jpg", "900x900": "https://assets.lcsc.com/images/szlcsc/900x900/C1532_front.jpg", "sort": 1}, {"96x96": "https://assets.lcsc.com/images/szlcsc/96x96/C1532_back.jpg", "224x224": "https://assets.lcsc.com/images/szlcsc/224x224/C1532_back.jpg", "900x900": "https://assets.lcsc.com/images/szlcsc/900x900/C1532_back.jpg", "sort": 3}, {"96x96": "https://assets.lcsc.com/images/szlcsc/96x96/C1532_blank.jpg", "224x224": "https://assets.lcsc.com/images/szlcsc/224x224/C1532_blank.jpg", "900x900": "https://assets.lcsc.com/images/szlcsc/900x900/C1532_blank.jpg", "sort": 5}, {"96x96": "https://assets.lcsc.com/images/szlcsc/96x96/C1532_package.jpg", "224x224": "https://assets.lcsc.com/images/szlcsc/224x224/C1532_package.jpg", "900x900": "https://assets.lcsc.com/images/szlcsc/900x900/C1532_package.jpg", "sort": 7}], "attributes": {"Capacitance": "22nF", "Tolerance": "\u00b110%", "Voltage - Rated": "50V", "Temperature Coefficient": "X7R"}}, "extraTimestamp": 1609795386}, "C1557": {"lcsc": "C1557", "category": "Capacitors", "subcategory": "Multilayer Ceramic Capacitors MLCC - SMD/SMT", "mfr": "0402CG270J500NTN", "package": "0402", "joints": 2, "manufacturer": "Guangdong Fenghua Advanced Tech", "basic": true, "description": "Multilayer Ceramic Capacitors MLCC - SMD/SMT 27pF 50V 0402 RoHS", "datasheet": "https://datasheet.lcsc.com/szlcsc/Guangdong-Fenghua-Advanced-Tech-0402CG270J500NTN_C1557.pdf", "stock": 101996, "price": [{"qFrom": 1, "qTo": 199, "price": 0.012878261}, {"qFrom": 200, "qTo": null, "price": 0.005688406}], "extra": {"id": 1909, "number": "C1557", "categories": ["Capacitors|Multilayer Ceramic Capacitors MLCC - SMD/SMT"], "info": {"title": "FH(Guangdong Fenghua Advanced Tech) 0402CG270J500NT", "number": "0402CG270J500NT", "pre_unit": 10000, "unit": "Piece", "step": 100, "min": 100, "max": 0, "weight": "0.022", "packaging": "Tape & Reel (TR)", "stock_unit": "Reel"}, "url": "/product-detail/Multilayer-Ceramic-Capacitors-MLCC-SMD-SMT_FH-Guangdong-Fenghua-Advanced-Tech-0402CG270J500NT_C1557.html", "manufacturer": {"szlcsc_id": 63, "id": 63, "cn": "FH(\u98ce\u534e)", "en": "FH(Guangdong Fenghua Advanced Tech)", "site": "http://www.china-fenghua.com/", "logo": "https://assets.lcsc.com/images/manufacturer/63.jpg", "number": "0402CG270J500NT", "grade": "", "abbr": "FH", "has_abbr": true}, "stock": 434700, "datasheet": {"pdf": "https://datasheet.lcsc.com/szlcsc/1811141710_FH-Guangdong-Fenghua-Advanced-Tech-0402CG270J500NT_C1557.pdf"}, "tags": [], "package": "0402", "price": [[100, 0.0015, 0.0015, "US$", 1], [1000, 0.0011, 0.0011, "US$", 1], [10000, 0.001, 0.001, "US$", 1], [100000, 0.0009, 0.0009, "US$", 1]], "auto_down": false, "status": "up", "stock_sz": 340600, "stock_js": 94100, "stock_hk": 0, "hot_sort": 0, "discount": 1, "description": "27pF \u00b15% 50V C0G 0402 Multilayer Ceramic Capacitors MLCC - SMD/SMT RoHS", "has_reel_service": "3", "images": [{"96x96": "https://assets.lcsc.com/images/szlcsc/96x96/C1557_front.jpg", "224x224": "https://assets.lcsc.com/images/szlcsc/224x224/C1557_front.jpg", "900x900": "https://assets.lcsc.com/images/szlcsc/900x900/C1557_front.jpg", "sort": 1}, {"96x96": "https://assets.lcsc.com/images/szlcsc/96x96/C1557_back.jpg", "224x224": "https://assets.lcsc.com/images/szlcsc/224x224/C1557_back.jpg", "900x900": "https://assets.lcsc.com/images/szlcsc/900x900/C1557_back.jpg", "sort": 3}, {"96x96": "https://assets.lcsc.com/images/szlcsc/96x96/C1557_package.jpg", "224x224": "https://assets.lcsc.com/images/szlcsc/224x224/C1557_package.jpg", "900x900": "https://assets.lcsc.com/images/szlcsc/900x900/C1557_package.jpg", "sort": 7}], "attributes": {"Capacitance": "27pF", "Tolerance": "\u00b15%", "Voltage - Rated": "50V", "Temperature Coefficient": "C0G"}}, "extraTimestamp": 1609795386}}}}